<EntityType EntityType_KEY="_CUT_MACHINE_TYPE" ParameterSet_KEY="_RSC_QUALITY_SET_CUT_MACHINE_CONDITION">
  <Entity Id="1">
    <Parameters>
      <_MIN_THICKNESS>
        <Value _QUALITY_SET="5" _CUT_MACHINE_CONDITION="1" Value="H4sIAAAAAAAEAGNgZGBg_x002B_A8EIBoEWEAM3uDK4pLUXD2X_x002F_NKknFSQCHtufFliTmkqAxtUHQM3w3AAAHp06UoAAQAA" />
        <Value _QUALITY_SET="6" _CUT_MACHINE_CONDITION="1" Value="H4sIAAAAAAAEAGNgZGBg_x002B_A8EIBoEWEAM3uDK4pLUXD2X_x002F_NKknFSQCHtufFliTmkqAxtUHQM3w3AAAHp06UoAAQAA" />
        <Value _QUALITY_SET="4" _CUT_MACHINE_CONDITION="1" Value="H4sIAAAAAAAEAGNgZGBg_x002B_A8EIBoEWEAM3uDK4pLUXD2X_x002F_NKknFSQCHtufFliTmkqAxtUHQM3w3AAAHp06UoAAQAA" />
        <Value _QUALITY_SET="7" _CUT_MACHINE_CONDITION="1" Value="H4sIAAAAAAAEAGNgZGBg_x002B_A8EIBoEWEAM3uDK4pLUXD2X_x002F_NKknFSQCHtufFliTmkqAxtUHQM3w3AAAHp06UoAAQAA" />
      </_MIN_THICKNESS>
      <_MAX_THICKNESS>
        <Value _QUALITY_SET="5" _CUT_MACHINE_CONDITION="1" Value="H4sIAAAAAAAEAGNgZGBg_x002B_A8EIBoEWEAM3uDK4pLUXD2X_x002F_NKknFSQCHtufFliTmkqAxtEmaUDN8NwAADeRzIRAAEAAA_x003D__x003D_" />
        <Value _QUALITY_SET="6" _CUT_MACHINE_CONDITION="1" Value="H4sIAAAAAAAEAGNgZGBg_x002B_A8EIBoEWEAM3uDK4pLUXD2X_x002F_NKknFSQCHtufFliTmkqAxtEmYoDN8NwAAD8OyyUAAEAAA_x003D__x003D_" />
        <Value _QUALITY_SET="4" _CUT_MACHINE_CONDITION="1" Value="H4sIAAAAAAAEAGNgZGBg_x002B_A8EIBoEWEAM3uDK4pLUXD2X_x002F_NKknFSQCHtufFliTmkqAxtEmYoDN8NwAAD8OyyUAAEAAA_x003D__x003D_" />
        <Value _QUALITY_SET="7" _CUT_MACHINE_CONDITION="1" Value="H4sIAAAAAAAEAGNgZGBg_x002B_A8EIBoEWEAM3uDK4pLUXD2X_x002F_NKknFSQCHtufFliTmkqAxtEmYoDN8NwAAD8OyyUAAEAAA_x003D__x003D_" />
      </_MAX_THICKNESS>
    </Parameters>
  </Entity>
</EntityType>